{
	"credit": "End_Rage waz here",
	"texture_size": [8, 8],
	"textures": {
		"0": "block/anvil",
		"1": "cgm:items/3d_textures/bazooka",
		"2": "create:block/axis",
		"4": "create:block/andesite_casing_short",
		"6": "create:block/pulley_rope",
		"particle": "create:block/axis"
	},
	"elements": [
		{
			"from": [5, 3, -1],
			"to": [11, 9, 1],
			"rotation": {"angle": 0, "axis": "y", "origin": [0, 1, 0]},
			"faces": {
				"north": {"uv": [0, 0, 6, 6], "texture": "#1"},
				"east": {"uv": [0, 0, 4, 12], "texture": "#0"},
				"south": {"uv": [0, 0, 12, 12], "texture": "#0"},
				"west": {"uv": [0, 0, 4, 12], "texture": "#0"},
				"up": {"uv": [0, 0, 12, 4], "texture": "#0"},
				"down": {"uv": [0, 0, 12, 4], "texture": "#0"}
			}
		},
		{
			"from": [5.25, 3.25, 7],
			"to": [10.75, 8.75, 9],
			"rotation": {"angle": 0, "axis": "y", "origin": [0, 1, 0]},
			"faces": {
				"north": {"uv": [0, 0, 11, 11], "texture": "#6"},
				"east": {"uv": [0, 0, 4, 11], "texture": "#6"},
				"south": {"uv": [0, 0, 11, 11], "texture": "#6"},
				"west": {"uv": [0, 0, 4, 11], "texture": "#6"},
				"up": {"uv": [0, 0, 11, 4], "texture": "#6"},
				"down": {"uv": [0, 0, 11, 4], "texture": "#6"}
			}
		},
		{
			"from": [6.75, 1.75, 7],
			"to": [9.25, 3.25, 9],
			"rotation": {"angle": 0, "axis": "y", "origin": [0, 1, 0]},
			"faces": {
				"north": {"uv": [0, 0, 5, 3], "texture": "#6"},
				"east": {"uv": [0, 0, 4, 3], "texture": "#6"},
				"south": {"uv": [0, 0, 5, 3], "texture": "#6"},
				"west": {"uv": [0, 0, 4, 3], "texture": "#6"},
				"up": {"uv": [0, 0, 5, 4], "texture": "#6"},
				"down": {"uv": [0, 0, 5, 4], "texture": "#6"}
			}
		},
		{
			"from": [6.75, 1.75, 14.5],
			"to": [9.25, 2.75, 16.5],
			"rotation": {"angle": 0, "axis": "y", "origin": [0, 1, 0]},
			"faces": {
				"north": {"uv": [0, 0, 5, 2], "texture": "#6"},
				"east": {"uv": [0, 0, 4, 2], "texture": "#6"},
				"south": {"uv": [0, 0, 5, 2], "texture": "#6"},
				"west": {"uv": [0, 0, 4, 2], "texture": "#6"},
				"up": {"uv": [0, 0, 5, 4], "texture": "#6"},
				"down": {"uv": [0, 0, 5, 4], "texture": "#6"}
			}
		},
		{
			"from": [4.75, 2.75, 14.5],
			"to": [11.25, 9.25, 16.5],
			"rotation": {"angle": 0, "axis": "y", "origin": [0, 1, 0]},
			"faces": {
				"north": {"uv": [0, 0, 13, 13], "texture": "#6"},
				"east": {"uv": [0, 0, 4, 13], "texture": "#6"},
				"south": {"uv": [0, 0, 13, 13], "texture": "#6"},
				"west": {"uv": [0, 0, 4, 13], "texture": "#6"},
				"up": {"uv": [0, 0, 13, 4], "texture": "#6"},
				"down": {"uv": [0, 0, 13, 4], "texture": "#6"}
			}
		},
		{
			"from": [5, 3, 9],
			"to": [11, 9, 17],
			"rotation": {"angle": 0, "axis": "y", "origin": [0, 1, 0]},
			"faces": {
				"north": {"uv": [0, 0, 12, 12], "texture": "#0"},
				"east": {"uv": [0, 0, 16, 12], "texture": "#0"},
				"south": {"uv": [0, 0, 12, 12], "texture": "#0"},
				"west": {"uv": [0, 0, 16, 12], "texture": "#0"},
				"up": {"uv": [0, 0, 12, 16], "texture": "#0"},
				"down": {"uv": [0, 0, 12, 16], "texture": "#0"}
			}
		},
		{
			"from": [6, 4, 17],
			"to": [10, 8, 19],
			"rotation": {"angle": 0, "axis": "y", "origin": [0, 1, 0]},
			"faces": {
				"north": {"uv": [0, 0, 8, 8], "texture": "#0"},
				"east": {"uv": [0, 0, 4, 8], "texture": "#0"},
				"south": {"uv": [0, 0, 8, 8], "texture": "#0"},
				"west": {"uv": [0, 0, 4, 8], "texture": "#0"},
				"up": {"uv": [0, 0, 8, 4], "texture": "#0"},
				"down": {"uv": [0, 0, 8, 4], "texture": "#0"}
			}
		},
		{
			"from": [7, 9, 12],
			"to": [9, 11, 14],
			"rotation": {"angle": 0, "axis": "y", "origin": [0, 1, 0]},
			"faces": {
				"north": {"uv": [0, 0, 4, 4], "texture": "#0"},
				"east": {"uv": [0, 0, 4, 4], "texture": "#0"},
				"south": {"uv": [0, 0, 4, 4], "texture": "#0"},
				"west": {"uv": [0, 0, 4, 4], "texture": "#0"},
				"up": {"uv": [0, 0, 4, 4], "texture": "#0"},
				"down": {"uv": [0, 0, 4, 4], "texture": "#0"}
			}
		},
		{
			"from": [7, 1, 12],
			"to": [9, 3, 14],
			"rotation": {"angle": 0, "axis": "y", "origin": [0, 1, 0]},
			"faces": {
				"north": {"uv": [0, 12, 4, 16], "texture": "#0"},
				"east": {"uv": [0, 12, 4, 16], "texture": "#0"},
				"south": {"uv": [0, 12, 4, 16], "texture": "#0"},
				"west": {"uv": [0, 12, 4, 16], "texture": "#0"},
				"up": {"uv": [0, 12, 4, 16], "texture": "#0"},
				"down": {"uv": [0, 12, 4, 16], "texture": "#0"}
			}
		},
		{
			"from": [5.5, 3.5, 1],
			"to": [10.5, 8.5, 9],
			"rotation": {"angle": 0, "axis": "y", "origin": [0, 1, 0]},
			"faces": {
				"north": {"uv": [0, 0, 10, 10], "texture": "#0"},
				"east": {"uv": [0, 0, 16, 10], "texture": "#0"},
				"south": {"uv": [0, 0, 10, 10], "texture": "#0"},
				"west": {"uv": [0, 0, 16, 10], "texture": "#0"},
				"up": {"uv": [0, 0, 10, 16], "texture": "#0"},
				"down": {"uv": [0, 0, 10, 16], "texture": "#0"}
			}
		},
		{
			"name": "Grip",
			"from": [6.01256, -1, 5.26256],
			"to": [7.51256, 2, 6.76256],
			"rotation": {"angle": -45, "axis": "y", "origin": [8, 1.875, 7.25]},
			"faces": {
				"north": {"uv": [7, 7, 10, 1], "rotation": 180, "texture": "#2"},
				"east": {"uv": [7, 7, 10, 1], "rotation": 180, "texture": "#2"},
				"south": {"uv": [7, 7, 10, 1], "texture": "#2"},
				"west": {"uv": [7, 7, 10, 1], "texture": "#2"},
				"up": {"uv": [7, 8, 10, 5], "rotation": 90, "texture": "#2"},
				"down": {"uv": [9, 11, 6, 14], "rotation": 180, "texture": "#2"}
			}
		},
		{
			"name": "Arm",
			"from": [7, 2, 4],
			"to": [9, 3.5, 12],
			"rotation": {"angle": 0, "axis": "z", "origin": [8, 1.875, 7.25]},
			"faces": {
				"north": {"uv": [0, 3, 4, 0], "rotation": 180, "texture": "#4"},
				"east": {"uv": [0, 9, 16, 6], "rotation": 180, "texture": "#4"},
				"south": {"uv": [0, 3, 4, 0], "texture": "#4"},
				"west": {"uv": [0, 9, 16, 6], "texture": "#4"},
				"up": {"uv": [0, 10, 16, 6], "rotation": 90, "texture": "#4"},
				"down": {"uv": [0, 10, 16, 6], "rotation": 90, "texture": "#4"}
			}
		},
		{
			"name": "Arm",
			"from": [7, 2, 14],
			"to": [9, 3, 18],
			"rotation": {"angle": 0, "axis": "z", "origin": [8, 1.875, 7.25]},
			"faces": {
				"north": {"uv": [0, 2, 4, 0], "rotation": 180, "texture": "#4"},
				"east": {"uv": [0, 8, 8, 6], "rotation": 180, "texture": "#4"},
				"south": {"uv": [6, 13, 10, 11], "texture": "#4"},
				"west": {"uv": [0, 8, 8, 6], "texture": "#4"},
				"up": {"uv": [0, 10, 8, 6], "rotation": 90, "texture": "#4"},
				"down": {"uv": [8, 10, 0, 6], "rotation": 90, "texture": "#4"}
			}
		}
	],
	"groups": [
		{
			"name": "group",
			"origin": [0, 0, 0],
			"color": 0,
			"children": [0, 1, 2, 3, 4, 5, 6, 7, 8, 9]
		},
		{
			"name": "group",
			"origin": [0, 0, 0],
			"color": 0,
			"children": [10, 11, 12]
		}
	]
}