{
  "display": {
    "flash": {
      "size": 2.0,
      "yOffset": 4.3,
      "zOffset": -8.01
    }
  },
  "general": {
    "gripType": "cgm:bazooka",
    "maxAmmo": 1,
    "rate": 100,
    "recoilAngle": 15.0,
    "recoilDurationOffset": 0.4
  },
  "projectile": {
    "damage": 25.0,
    "item": "cgm:missile",
    "gravity": true,
    "life": 300,
    "size": 0.2,
    "speed": 4.0,
    "visible": true
  },
  "sounds": {
    "fire": "cgm:item.bazooka.fire",
    "reload": "cgm:item.pistol.reload"
  }
}