{
  "display": {
    "flash": {
      "yOffset": 3.5,
      "zOffset": -3.8
    }
  },
  "general": {
    "alwaysSpread": true,
    "gripType": "cgm:one_handed",
    "maxAmmo": 6,
    "rate": 10,
    "recoilAdsReduction": 0.2,
    "recoilAngle": 11.0,
    "recoilKick": 0.35,
    "reloadAmount": 1,
    "spread": 3.0
  },
  "modules": {
    "attachments": {
      "scope": {
        "yOffset": 5.2,
        "zOffset": 2.7
      },
      "stock": {
        "yOffset": 3.3,
        "zOffset": 7.95
      }
    },
    "zoom": {
      "fovModifier": 0.7,
      "yOffset": 4.5,
      "zOffset": -1.0
    }
  },
  "projectile": {
    "damage": 9.0,
    "gravity": true,
    "item": "cgm:basic_bullet",
    "life": 25,
    "size": 0.2,
    "speed": 5.0
  },
  "sounds": {
    "cock": "cgm:item.pistol.cock",
    "enchantedFire": "cgm:item.pistol.enchanted_fire",
    "fire": "cgm:item.pistol.fire",
    "reload": "cgm:item.pistol.reload",
    "silencedFire": "cgm:item.pistol.silenced_fire"
  }
}