{
  "display": {
    "icon": {
      "item": "minecraft:shears"
    },
    "title": {
      "text": "Ninja Item Frames",
      "color": "yellow"
    },
    "description": {
      "text": "Hide an item frame so that only the item remains",
      "color": "white"
    },
    "frame": "task",
    "show_toast": true,
    "announce_to_chat": true,
    "hidden": false
  },
  "parent": "8bm:invis_itemframes",
  "criteria": {
    "used_shears": {
      "trigger": "minecraft:player_interacted_with_entity",
      "conditions": {
        "player": [
          {
            "condition": "minecraft:entity_properties",
            "entity": "this",
            "predicate": {
              "flags": {
                "is_sneaking": true
              }
            }
          }
        ],
        "item": {
          "items": [
            "minecraft:shears"
          ]
        },
        "entity": [
          {
            "condition": "minecraft:entity_properties",
            "entity": "this",
            "predicate": {
              "type": "#8bm:iif.item_frames"
            }
          },
          {
            "condition": "minecraft:value_check",
            "value": {
              "type": "minecraft:score",
              "target": {
                "type": "minecraft:fixed",
                "name": "8bm.advoff"
              },
              "score": "8bm.advswitch"
            },
            "range": 0
          }
        ]
      }
    }
  }
}
