{
  "parent": "minecraft:recipes/root",
  "criteria": {
    "has_amethyst": {
      "conditions": {
        "items": [
          {
            "tag": "forge:gems/amethyst"
          }
        ]
      },
      "trigger": "minecraft:inventory_changed"
    },
    "has_iron_ingot": {
      "conditions": {
        "items": [
          {
            "tag": "forge:nuggets/iron"
          }
        ]
      },
      "trigger": "minecraft:inventory_changed"
    },
    "has_redstone": {
      "conditions": {
        "items": [
          {
            "tag": "forge:dusts/redstone"
          }
        ]
      },
      "trigger": "minecraft:inventory_changed"
    },
    "has_the_recipe": {
      "conditions": {
        "recipe": "cgm:short_scope"
      },
      "trigger": "minecraft:recipe_unlocked"
    }
  },
  "requirements": [
    [
      "has_iron_ingot",
      "has_amethyst",
      "has_redstone",
      "has_the_recipe"
    ]
  ],
  "rewards": {
    "recipes": [
      "cgm:short_scope"
    ]
  }
}