{
  "parent": "minecraft:recipes/root",
  "criteria": {
    "has_concrete": {
      "conditions": {
        "items": [
          {
            "items": [
              "minecraft:light_gray_concrete"
            ]
          }
        ]
      },
      "trigger": "minecraft:inventory_changed"
    },
    "has_iron": {
      "conditions": {
        "items": [
          {
            "tag": "forge:ingots/iron"
          }
        ]
      },
      "trigger": "minecraft:inventory_changed"
    },
    "has_the_recipe": {
      "conditions": {
        "recipe": "cgm:workbench"
      },
      "trigger": "minecraft:recipe_unlocked"
    }
  },
  "requirements": [
    [
      "has_concrete",
      "has_iron",
      "has_the_recipe"
    ]
  ],
  "rewards": {
    "recipes": [
      "cgm:workbench"
    ]
  }
}