{
  "criteria": {
    "tick": {
      "trigger": "minecraft:tick",
      "conditions": {
        "player": [
          {
            "condition": "minecraft:value_check",
            "value": {
              "type": "minecraft:score",
              "target": {
                "type": "minecraft:fixed",
                "name": "8bm.advoff"
              },
              "score": "8bm.advswitch"
            },
            "range": 1
          }
        ]
      }
    }
  },
  "rewards": {
    "function": "8bm:global/advancements/disable"
  }
}
