{
  "parent": "8bm:global/triggers/global.reset",
  "criteria": {
    "requirement": {
      "trigger": "minecraft:player_interacted_with_entity",
      "conditions": {
        "player": [
          {
            "condition": "minecraft:entity_properties",
            "entity": "this",
            "predicate": {
              "flags": {
                "is_sneaking": true
              },
              "equipment": {
                "mainhand": {
                  "items": [
                    "minecraft:shears"
                  ]
                }
              }
            }
          }
        ],
        "item": {
          "items": [
            "minecraft:shears"
          ]
        },
        "entity": [
          {
            "condition": "minecraft:entity_properties",
            "entity": "this",
            "predicate": {
              "type": "#8bm:iif.item_frames"
            }
          },
          {
            "condition": "minecraft:inverted",
            "term": {
              "condition": "minecraft:entity_properties",
              "entity": "this",
              "predicate": {
                "nbt": "{Tags:[\"8bm.invisframe.target\"]}"
              }
            }
          }
        ]
      }
    }
  },
  "rewards": {
    "function": "8bm:invis_item_frame/main"
  }
}
