{
	"credit": "End_Rage waz here",
	"texture_size": [8, 8],
	"textures": {
		"1": "cgm:items/3d_textures/light_stock"
	},
	"elements": [
		{
			"from": [8.5, 8.75, 5.8108],
			"to": [8.505, 9.75, 12.8108],
			"rotation": {"angle": 0, "axis": "y", "origin": [8, 8.0349, 8.5]},
			"faces": {
				"east": {"uv": [2, 0, 16, 2], "texture": "#1"},
				"west": {"uv": [16, 0, 2, 2], "texture": "#1"}
			}
		},
		{
			"from": [8.49, 8.38388, 10.63402],
			"to": [8.495, 8.88388, 12.63402],
			"rotation": {"angle": 45, "axis": "x", "origin": [8.4975, 8.88388, 11.13402]},
			"faces": {
				"east": {"uv": [4, 0, 8, 1], "texture": "#1"},
				"west": {"uv": [8, 0, 4, 1], "texture": "#1"}
			}
		},
		{
			"from": [7.501, 8.41421, 10.60369],
			"to": [7.506, 8.91421, 12.60369],
			"rotation": {"angle": 45, "axis": "x", "origin": [7.5075, 8.91421, 11.10369]},
			"faces": {
				"east": {"uv": [4, 0, 8, 1], "texture": "#1"},
				"west": {"uv": [8, 0, 4, 1], "texture": "#1"}
			}
		},
		{
			"from": [7.495, 8.75, 5.8108],
			"to": [7.5, 9.75, 12.8108],
			"rotation": {"angle": 0, "axis": "y", "origin": [6.995, 8.0349, 8.5]},
			"faces": {
				"east": {"uv": [2, 0, 16, 2], "texture": "#1"},
				"west": {"uv": [16, 0, 2, 2], "texture": "#1"}
			}
		},
		{
			"from": [7.5, 6.75, 11.8108],
			"to": [8.5, 9.75, 12.8108],
			"rotation": {"angle": 0, "axis": "y", "origin": [8, 8, 8.5]},
			"faces": {
				"north": {"uv": [0, 6, 2, 12], "texture": "#1"},
				"east": {"uv": [2, 0, 4, 6], "texture": "#1"},
				"south": {"uv": [0, 0, 2, 6], "texture": "#1"},
				"west": {"uv": [4, 0, 2, 6], "texture": "#1"},
				"up": {"uv": [2, 0, 4, 2], "rotation": 270, "texture": "#1"},
				"down": {"uv": [2, 4, 4, 6], "rotation": 90, "texture": "#1"}
			}
		}
	],
	"display": {
		"thirdperson_righthand": {
			"translation": [0, 1, -2.75],
			"scale": [1.1, 1.1, 1.1]
		},
		"firstperson_righthand": {
			"translation": [-3.5, 5.5, 3.25],
			"scale": [0.8, 0.8, 0.8]
		},
		"ground": {
			"translation": [0, -0.5, -2.25]
		},
		"gui": {
			"rotation": [30, 225, 0],
			"translation": [4.25, -1.5, 0],
			"scale": [2.5, 2.5, 2.5]
		},
		"fixed": {
			"rotation": [0, 90, 0],
			"translation": [-5, 1.25, -1.25],
			"scale": [2, 2, 2]
		}
	},
	"groups": [
		{
			"name": "group",
			"origin": [0, 0, 0],
			"color": 0,
			"children": [0, 1, 2, 3, 4]
		}
	]
}