{
	"credit": "End_Rage waz here",
	"parent": "minecraft:item/handheld",
	"textures": {
		"0": "cgm:items/2d_textures/specialised_grip",
		"particle": "cgm:items/2d_textures/specialised_grip"
	},
	"loader": "forge:separate_transforms",
	"base": {
		"parent": "cgm:item/specialised_grip_3d"
	},
	"perspectives": {
		"firstperson_righthand": {
			"parent": "cgm:item/specialised_grip_2d"
		},
		"firstperson_lefthand": {
			"parent": "cgm:item/specialised_grip_2d"
		},
		"thirdperson_righthand": {
			"parent": "cgm:item/specialised_grip_2d"
		},
		"thirdperson_lefthand": {
			"parent": "cgm:item/specialised_grip_2d"
		},
		"gui": {
			"parent": "cgm:item/specialised_grip_2d"
		},
		"ground": {
			"parent": "cgm:item/specialised_grip_2d"
		}
	}
}