{
	"credit": "End_Rage waz here",
	"textures": {
		"0": "cgm:items/3d_textures/weighted_stock",
		"particle": "cgm:items/3d_textures/weighted_stock"
	},
	"elements": [
		{
			"from": [7.5, 7.5, 7.5],
			"to": [8.5, 9, 8.5],
			"rotation": {"angle": 0, "axis": "y", "origin": [7.75625, 2.5, 4]},
			"faces": {
				"north": {"uv": [0, 7.5, 1, 9], "texture": "#0"},
				"east": {"uv": [2, 7.5, 1, 9], "texture": "#0"},
				"west": {"uv": [1, 7.5, 2, 9], "texture": "#0"},
				"up": {"uv": [2, 7.5, 1, 6.5], "texture": "#0"},
				"down": {"uv": [2, 9, 1, 10], "texture": "#0"}
			}
		},
		{
			"from": [7.25, 8.75, 9],
			"to": [8.75, 10.75, 13],
			"rotation": {"angle": 0, "axis": "y", "origin": [7.75625, 2.5, 4]},
			"faces": {
				"north": {"uv": [2, 1.5, 3.5, 3.5], "texture": "#0"},
				"east": {"uv": [3.5, 1.5, 7.5, 3.5], "texture": "#0"},
				"south": {"uv": [7.5, 1.5, 9, 3.5], "texture": "#0"},
				"west": {"uv": [3.5, 1.5, 7.5, 3.5], "texture": "#0"},
				"up": {"uv": [7.5, 1.5, 3.5, 0], "rotation": 90, "texture": "#0"},
				"down": {"uv": [3.5, 5, 7.5, 3.5], "rotation": 90, "texture": "#0"}
			}
		},
		{
			"from": [7.5, 7.5, 8.5],
			"to": [8.5, 10.5, 14],
			"rotation": {"angle": 0, "axis": "y", "origin": [8, 8.75, 11]},
			"faces": {
				"north": {"uv": [2, 6, 3, 9], "texture": "#0"},
				"east": {"uv": [3, 6, 8.5, 9], "texture": "#0"},
				"south": {"uv": [8.5, 6, 9.5, 9], "texture": "#0"},
				"west": {"uv": [8.5, 6, 3, 9], "texture": "#0"},
				"up": {"uv": [8.5, 6, 3, 5], "rotation": 90, "texture": "#0"},
				"down": {"uv": [3, 10, 8.5, 9], "rotation": 90, "texture": "#0"}
			}
		}
	],
	"display": {
		"thirdperson_righthand": {
			"translation": [0, 1, -3.75],
			"scale": [1.1, 1.1, 1.1]
		},
		"firstperson_righthand": {
			"translation": [-3.5, 6, 3],
			"scale": [0.8, 0.8, 0.8]
		},
		"ground": {
			"translation": [0, 5, -2.75]
		},
		"gui": {
			"rotation": [30, 225, 0],
			"translation": [4.75, -0.25, 0],
			"scale": [2.5, 2.5, 2.5]
		},
		"fixed": {
			"rotation": [0, 90, 0],
			"translation": [-5, 2.75, -1.25],
			"scale": [2, 2, 2]
		}
	}
}