{
    "display": {
      "icon": {
        "item": "minecraft:bundle"
      },
      "title": "Bundle!",
      "description": "Craft a bundle",
      "show_toast": true,
      "announce_to_chat": false,
      "hidden": false
    },
    "parent": "minecraft:adventure/root",
    "criteria": {
      "requirement": {
        "trigger": "minecraft:inventory_changed",
        "conditions": {
          "items": [
            {
              "items": [
                "minecraft:bundle"
              ]
            }
          ]
        }
      }
    }
  }