{
  "display": {
    "icon": {
      "item": "minecraft:writable_book"
    },
    "title": "The8BitMonkeys Advancements",
    "description": [
      {
        "text": "Can you unlock all the advancements?",
        "color": "yellow"
      },
      {
        "text": "\nInculding the hidden ones!",
        "color": "gold"
      }
    ],
    "background": "minecraft:textures/block/jungle_planks.png",
    "frame": "challenge",
    "show_toast": false,
    "announce_to_chat": false,
    "hidden": false
  },
  "criteria": {
    "tick": {
      "trigger": "minecraft:tick",
      "conditions": {
        "player": [
          {
            "condition": "minecraft:value_check",
            "value": {
              "type": "minecraft:score",
              "target": {
                "type": "minecraft:fixed",
                "name": "8bm.advoff"
              },
              "score": "8bm.advswitch"
            },
            "range": 0
          }
        ]
      }
    }
  }
}
