{
	"credit": "End_Rage waz here",
	"texture_size": [8, 8],
	"textures": {
		"0": "ends_expansion:items/caplock_pistol",
		"particle": "ends_expansion:items/caplock_pistol"
	},
	"elements": [
		{
			"from": [7.5, 1.5, 14],
			"to": [8.5, 3, 15],
			"rotation": {"angle": 0, "axis": "y", "origin": [8, 3, 12]},
			"faces": {
				"east": {"uv": [6, 0, 4, 3], "texture": "#0", "tintindex": 0},
				"south": {"uv": [10, 7, 12, 10], "texture": "#0", "tintindex": 0},
				"west": {"uv": [6, 0, 4, 3], "texture": "#0", "tintindex": 0},
				"up": {"uv": [14, 8, 16, 10], "texture": "#0", "tintindex": 0},
				"down": {"uv": [4, 8, 2, 10], "rotation": 90, "texture": "#0", "tintindex": 0}
			}
		},
		{
			"from": [7.5, 1.5, 9],
			"to": [8.5, 2.5, 13],
			"rotation": {"angle": 0, "axis": "y", "origin": [8, 3, 11]},
			"faces": {
				"north": {"uv": [0, 10, 2, 12], "texture": "#0"},
				"east": {"uv": [2, 0, 4, 8], "rotation": 90, "texture": "#0"},
				"south": {"uv": [0, 0, 0, 0], "texture": "#0"},
				"west": {"uv": [2, 8, 4, 0], "rotation": 90, "texture": "#0"},
				"up": {"uv": [2, 0, 4, 8], "texture": "#0"},
				"down": {"uv": [2, 8, 4, 0], "texture": "#0"}
			}
		},
		{
			"from": [7.5, 2.5, 9],
			"to": [8.5, 3.5, 13],
			"rotation": {"angle": 0, "axis": "y", "origin": [8, 3, 11]},
			"faces": {
				"north": {"uv": [0, 10, 2, 12], "texture": "#0"},
				"east": {"uv": [0, 0, 2, 8], "rotation": 90, "texture": "#0"},
				"south": {"uv": [14, 8, 16, 8], "texture": "#0"},
				"west": {"uv": [0, 8, 2, 0], "rotation": 90, "texture": "#0"},
				"up": {"uv": [14, 0, 16, 8], "texture": "#0"},
				"down": {"uv": [0, 8, 2, 0], "texture": "#0"}
			}
		},
		{
			"from": [7.5, 2.5, 13],
			"to": [8.5, 3.5, 14],
			"rotation": {"angle": 0, "axis": "y", "origin": [8, 3, 11]},
			"faces": {
				"north": {"uv": [0, 10, 2, 12], "texture": "#0", "tintindex": 0},
				"east": {"uv": [0, 8, 2, 10], "rotation": 90, "texture": "#0", "tintindex": 0},
				"south": {"uv": [14, 10, 16, 10], "texture": "#0", "tintindex": 0},
				"west": {"uv": [0, 10, 2, 8], "rotation": 90, "texture": "#0", "tintindex": 0},
				"up": {"uv": [14, 8, 16, 10], "texture": "#0", "tintindex": 0},
				"down": {"uv": [0, 10, 2, 8], "texture": "#0", "tintindex": 0}
			}
		},
		{
			"from": [7.5, 1.5, 13],
			"to": [8.5, 2.5, 14],
			"rotation": {"angle": 0, "axis": "y", "origin": [8, 3, 11]},
			"faces": {
				"north": {"uv": [0, 10, 2, 12], "texture": "#0", "tintindex": 0},
				"east": {"uv": [2, 8, 4, 10], "rotation": 90, "texture": "#0", "tintindex": 0},
				"south": {"uv": [0, 2, 0, 2], "texture": "#0", "tintindex": 0},
				"west": {"uv": [2, 10, 4, 8], "rotation": 90, "texture": "#0", "tintindex": 0},
				"up": {"uv": [2, 8, 4, 10], "texture": "#0", "tintindex": 0},
				"down": {"uv": [2, 10, 4, 8], "texture": "#0", "tintindex": 0}
			}
		},
		{
			"from": [8, 0.5, 14],
			"to": [8.01, 1.5, 15],
			"rotation": {"angle": 45, "axis": "x", "origin": [8.005, 1, 15]},
			"faces": {
				"east": {"uv": [4, 12, 2, 10], "rotation": 270, "texture": "#0"},
				"west": {"uv": [4, 10, 2, 12], "rotation": 270, "texture": "#0"}
			}
		},
		{
			"from": [7.995, 2.98033, 13.82322],
			"to": [8.005, 3.98033, 14.82322],
			"rotation": {"angle": 22.5, "axis": "x", "origin": [7.995, 3.23033, 14.07322]},
			"faces": {
				"east": {"uv": [2, 10, 4, 12], "rotation": 270, "texture": "#0"},
				"west": {"uv": [2, 12, 4, 10], "rotation": 270, "texture": "#0"}
			}
		},
		{
			"from": [7.501, 2.15901, 15.38388],
			"to": [8.496, 3.15901, 16.38388],
			"rotation": {"angle": -45, "axis": "x", "origin": [8, 1.40901, 15.88388]},
			"faces": {
				"north": {"uv": [4, 9, 5.99, 3], "rotation": 180, "texture": "#0", "tintindex": 0},
				"east": {"uv": [6, 5, 4, 3], "rotation": 180, "texture": "#0", "tintindex": 0},
				"south": {"uv": [6, 0, 7.99, 2], "texture": "#0", "tintindex": 0},
				"west": {"uv": [4, 5, 6, 3], "rotation": 180, "texture": "#0", "tintindex": 0},
				"down": {"uv": [4, 3, 5.99, 5], "texture": "#0", "tintindex": 0}
			}
		},
		{
			"from": [7.501, 2.15901, 16.38388],
			"to": [8.496, 2.65901, 16.38388],
			"rotation": {"angle": -45, "axis": "x", "origin": [8, 1.40901, 15.88388]},
			"faces": {
				"south": {"uv": [4, 5, 5.99, 6], "texture": "#0"}
			}
		},
		{
			"from": [7.501, 0.15901, 15.38388],
			"to": [8.496, 2.15901, 16.38388],
			"rotation": {"angle": -45, "axis": "x", "origin": [8, 1.40901, 15.88388]},
			"faces": {
				"north": {"uv": [4, 9, 5.99, 3], "rotation": 180, "texture": "#0"},
				"east": {"uv": [6, 9, 4, 5], "rotation": 180, "texture": "#0"},
				"south": {"uv": [4, 6, 5.99, 10], "texture": "#0"},
				"west": {"uv": [4, 9, 6, 5], "rotation": 180, "texture": "#0"},
				"down": {"uv": [4, 3, 5.99, 5], "texture": "#0", "tintindex": 0}
			}
		},
		{
			"from": [7.75, 3.5, 9],
			"to": [8.25, 4, 9.5],
			"rotation": {"angle": 0, "axis": "y", "origin": [8, 3.75, 5.75]},
			"faces": {
				"north": {"uv": [1, 1, 2, 2], "texture": "#0"},
				"east": {"uv": [3, 2, 4, 3], "texture": "#0"},
				"south": {"uv": [2, 2, 3, 3], "texture": "#0"},
				"west": {"uv": [0, 1, 1, 2], "texture": "#0"},
				"up": {"uv": [0, 2, 1, 3], "texture": "#0"},
				"down": {"uv": [1, 1, 2, 2], "texture": "#0"}
			}
		}
	],
	"display": {
		"thirdperson_righthand": {
			"rotation": [22.5, 0, 0],
			"translation": [0, 9.5, -5],
			"scale": [1.2, 1.2, 1.2]
		},
		"firstperson_righthand": {
			"translation": [-5, 8.5, -1.5],
			"scale": [0.8, 0.8, 0.8]
		},
		"ground": {
			"translation": [0, 5, -2.5]
		},
		"gui": {
			"rotation": [64, 47, -47],
			"translation": [0.75, 9.5, 0],
			"scale": [1.5, 1.5, 1.5]
		},
		"fixed": {
			"rotation": [0, -90, 0],
			"translation": [8, 11.5, 0],
			"scale": [2, 2, 2]
		}
	}
}